{"cameraMode":{"drawMode":0,"name":"Shaded","section":"Shading Mode"},"sceneLighting":true,"audioPlay":false,"sceneViewState":{"m_AlwaysRefresh":false,"showFog":true,"showSkybox":true,"showFlares":true,"showImageEffects":true,"showParticleSystems":true,"showVisualEffectGraphs":true,"m_FxEnabled":true},"in2DMode":false,"pivot":{"x":7.393856048583984,"y":-25.44967269897461,"z":92.08738708496094},"rotation":{"x":-0.024307100102305414,"y":0.006594862323254347,"z":-0.00016099849017336965,"w":-0.9996839761734009},"size":82.14275360107422,"orthographic":false}